{
    "navigationBarTitleText": "商户评价列表",
    "enablePullDownRefresh": true,
    "usingComponents": {
        "top-parent": "../../../../compatible/components/top-parent/top-parent",
        "shop-review-tag": "../../../../common/components/shop-review-tag/shop-review-tag",
        "shop-review": "../../../../common/components/shop-review/shop-review",
        "list-view": "../../../../common/components/list-view/list-view",
        "yellow-bar": "../reviewlist/components/yellow-bar/yellow-bar",
        "split-bar": "../reviewlist/components/split-bar/split-bar"
    }
}